name,blurb,location,url,tags,status
4160 Tuesdays â€“ Perfume Making with Sarah McCartney,"In a scent-laced studio in Acton, the perfumer Sarah McCartney invites you into her fragrant world. Blend citrus with memory, amber with desire, and leave with a vial stitched from story. This is scent as self-expression, distilled and stirred â€” an olfactory adventure for the curious nose.",Acton,https://www.4160tuesdays.com,,Active
58 and Co â€” Gin School Experience,"In a copper-lit haven in Haggerston, the botanicals wait. Juniper, cardamom, citrus peel â€” each a memory, each a promise. At 58 and Co, you craft not just gin, but story: choosing your blend, distilling on gleaming stills, sealing your own bottle with wax and wonder. There's laughter in the air and cocktail on the tongue â€” a heady blend of chemistry, history, and the quiet art of becoming spirit.",Haggerston (E8),https://58gin.com/pages/gin-school-experience,,Active
5Rhythms 'FIVE London' Workshop,"Three days. Five rhythms. One unfolding wave. In the sacred space of St Lukeâ€™s, dancers ride the arc of flow and stillness, chaos and grace. Itâ€™s less a class, more a rite â€” where movement becomes mirror and the body remembers what it means to be free.","St Lukeâ€™s Church, Hillmarton Road, London N7 9RE",https://www.5rhythms.com/workshops/FIVELondon-295203,,Active
5Rhythms Dance – We Dance with Nikki Ashley,"Movement here is map and mystery. On the worn wooden floor of St Peter’s Church Hall, bodies unspool into rhythm: flowing, staccato, chaos, lyrical, stillness. You’re not learning to dance — you’re remembering how to listen, how to move through the storm and into the centre of your own breath.",Balham,https://bookwhen.com/unboundmovingarts#focus=ev-s4lo-20251217191000,,Active
Ace Cafe London,"The world's most famous motor cafÃ©, where petrol-fumed heritage meets rock 'n' roll nights, ride-outs, and rebellious spirit since 1938.",North West London,https://london.acecafe.com/,,Active
ActOne Cinema,"A community-run cinema in a former library, co-run by Rio Cinema, championing independent films and filmmaker events.",Acton,https://actonecinema.co.uk,,Active
After-Work Foraging Sessions â€“ Charlotte Gordon Urban Forager,"Beneath Kingâ€™s Crossâ€™s glass towers, The Story Garden blooms in quiet rebellion. Charlotte Gordon guides dusk-hour wanderers through herbs, edible weeds, and fragrant finds. These twilight sessions are more than botanical lessons â€” theyâ€™re a return to knowing what grows beneath your feet, even in the heart of the city.","The Story Garden, Kingâ€™s Cross",https://www.charlottegordonforager.com/events,,Active
Akila Pole Studio,"In Brixtonâ€™s warm-lit studio, poles become partners in flight and strength. Akila Pole Studio welcomes every body â€” each spin a reclaiming, each climb a celebration. This isnâ€™t performance for others, but presence for the self. Here, sensuality is carved in sweat and joy, held in community arms.",Brixton,https://www.akilapolestudio.com/,,Active
Arcadia Games,"By day, a coworking space for laptop warriors. By night, a realm of hosted campaigns and skilled Games Masters. Arcadia — founded and run by women — offers sound-proofed rooms, themed tables, and a Safety Charter that centers neurodiversity and consent. Here, the dice are kind and the storytelling fierce. A haven for London's tabletop faithful, where D&D is sacrament and community is code.",The Strand,https://www.arcadiagames.co.uk/,,Active
Art Play London â€“ Paper-Making Craft Class,"At Art Play London, torn pages and yesterdayâ€™s stories find new life. In studios scented with dried lavender and pulp, hands plunge into petals and pigments. Paper is born anew â€” rough-edged, flower-flecked, tender as memory. It's recycling as ritual, the alchemy of old into beauty again.",Shoreditch,https://artplaylondon.com,,Active
ArtHouse Crouch End,"A former Salvation Army hall mixing film, fine art, live music, and theatre, tearing down perceived walls between genres to celebrate diversity.",Crouch End,https://www.arthousecrouchend.co.uk,,Active
artsdepot,,Finchley,https://www.artsdepot.co.uk/,,Active
Asylum Chapel,,Peckham,https://asylumchapel.co.uk/,,Active
Authentic Movement Workshops – Katsura Isobe,"Held in sacred silence, these workshops are a devotion to the unseen. One body moves, eyes closed; another witnesses, holding space like still water. After, marks are made on paper — the echo of movement, felt and remembered. It is not therapy, but something older, something soft and bone-deep.",Chisenhale Dance Space,https://katsuraisobe.net/workshops/authentic-movement/,,Active
Autograph,,Rivington Place,https://autograph.org.uk,,Active
Bad Moon Café,"Wargaming wonderlands carved from foam and fire — this café sculpts epic from every skirmish, serving strategy with a shot of espresso and the scent of fresh terrain.",Elephant & Castle,https://www.badmooncafe.co.uk/,,Active
Battersea Arts Centre,"The go-to place for boundary-pushing theatre, harnessing art and collective imagination to build a more inclusive, sustainable future.",Battersea,https://bac.org.uk,,Active
BAW Dance,"In mirrored rooms across the city, hips sway and laughter spills. BAW Dance welcomes women and non-binary folk to twirl, shimmy, and ground themselves in sensual joy. With floorwork, belly dance, and burlesque, itâ€™s a gathering of softness and strength â€” movement as reclamation, community, and play.",Farringdon,https://www.bawdance.com/book-online,,Active
Bernie Grant Arts Centre,"A Black, female, and queer-led multi-artform venue giving Black-led work space and status to thrive, committed to intersectional practice and community engagement.",Tottenham,https://www.berniegrantcentre.co.uk,,Active
Bethnal Green Working Men's Club,"An East End institution hosting wild, unhinged nights from racy cabaret to drag shows, a vital community hub with a safe-space policy.",Bethnal Green,https://www.workersplaytime.net,,Active
Bill Murray,,Islington,https://www.angelcomedy.co.uk/our-venues/the-bill-murray/,,Active
Blue Elephant Theatre,"A quirky oasis nurturing experimental work and emerging artists, where movement and story intertwine in intimate, risk-taking performances.",Camberwell,https://blueelephanttheatre.co.uk,,Active
Blythe Hill Tavern,"A CAMRA award-winning Victorian corner pub where Thursday nights bloom with traditional Irish music, roaring fires, and real ale.",Catford,https://www.blythehilltavern.org.uk,,Active
Body Love Sketch Club,"At Body Love Sketch Club, bodies bloom across paper like laughter â€” bold, soft, joyful. In a room where every curve is sacred and consent is the cornerstone, you can pose or draw, clothed or not, free of shame. Itâ€™s life drawing as liberation â€” with glitter, wit, and warmth.",New Cross,https://www.bodylovesketchclub.com/,,Active
Boneyard London â€“ Introduction to Blacksmithing,"The forge flares in Tottenham Hale, where steel sings under the hammerâ€™s rhythm. At Boneyard, beginners are guided through sparks and soot to forge hooks and bottle openers with their own heat and hands. This is metal as muscle, fire as teacher â€” a raw, glorious introduction to the craft.",Tottenham,https://boneyardlondon.com,,Active
BookBar,"BookBar is where books flirt and glasses clink. Shelves curve into laughter, and authors share stories like secrets over red wine. From Read Dating to festive salons, each event feels like a literary soirée where strangers become plot twists in each other’s tales. Come for the prose, stay for the conversation that spills into night.",Highbury,bookbaruk.com/events,,Active
BrewBox London â€“ Home Brewing Workshop,"Tucked in Walthamstowâ€™s backstreets, BrewBox brews more than beer â€” it brews kinship. In this homebrewing workshop, malt and mash become metaphors, hops are history, and every bottle carries a whisper of the brewerâ€™s hands. Itâ€™s science stirred with folklore, and a fizz of belonging you wonâ€™t find on supermarket shelves.",Walthamstow (E17),https://brewbox.london/pages/workshops,,Active
BrewDog Outpost Tower Hill â€“ Beer School,"In the heart of Tower Hill, beneath the glint of steel and stone, BrewDogâ€™s Outpost opens its doors to seekers of hops and stories. Beer School here is no dry lecture â€” itâ€™s frothy lore, malty memory, and the quiet thrill of brewing science shared over pints and laughter. Come for the learning, stay for the layered pours and rising cheer.",Tower Hill (EC3),https://www.brewdog.com/uk/locations/outpost-tower-hill,,Active
Brompton Bats â€“ Twilight Bat Survey Walk,"As dusk folds into the stone paths of Brompton Cemetery, the air pricks with inaudible echoes. Bat detectors pulse with hidden life as pipistrelles swoop between headstones. The living and the long-gone share space here â€” beneath yew, under stars â€” in this quiet communion of wing and watch.",Kensington,https://www.royalparks.org.uk/whats-on/brompton-bats-surveying-walk-autumn-Sept-2025,,Active
Brutalist Tour â€“ Evening Architectural Walk (Architectour Guide),"Concrete glows beneath amber streetlight on this moody meander through Londonâ€™s Brutalist bones. From the monolith of the National Theatre to Trellick Towerâ€™s proud defiance, this tour speaks in right angles and raw material. It's a pilgrimage for lovers of line and shadow, of honesty and heft.",Hampstead,https://architectourguide.com/products/brutalist-tour,,Active
Bush Hall,"A restored Edwardian ballroom where chandeliers still remember 1904, hosting rising musicians and comedians beneath high ceilings that make every note linger.",Shepherd's Bush,https://bushhallmusic.co.uk/,,Active
Bush Theatre,"An internationally renowned champion of playwrights, where new writing crackles with activist spirit and salon-style conversation.",Shepherd's Bush,https://www.bushtheatre.co.uk/,,Active
Café OTO,"Café OTO lives in the pause between one note and the next. A soft-lit refuge for the sonically strange, it offers sanctuary to sounds no one else dares cradle — free-jazz, drone, improvised everything. You might sip tea in a hush of reverence, or share glances over dark beer and starlit discord. Dalston’s breath grows quiet here, listening.",Dalston (Hackney),https://cafeoto.co.uk,,Active
Camden Art Centre â€“ Natural Dyes Workshop,"In a sunlit room above Camden, onion skins and tea leaves bloom into colour. Guided by the gentle hand of the artist, this workshop leads you into the alchemy of kitchen waste turned into wearable art. Itâ€™s the slow science of hue, a celebration of compost and cotton and care.","271 Dale Avenue, London NW3 6DG",https://camdenartscentre.org,,Active
Camden People's Theatre,"A small, independent venue championing emerging artists and boundary-pushing contemporary performance, making space for tomorrow's theatre-makers.",Camden,https://cptheatre.co.uk/,,Active
Cecil Sharp House,"The world-class folk arts centre, home to the English Folk Dance and Song Society, championing folk heritage since 1930.",Camden,https://www.efdss.org/,,Active
Chats Palace,"In the bones of an old library, revolution still hums. Chats Palace is where East London gathers to dance, dream, and defy. Drag cabaret collides with Balkan brass, children twirl at matinees, and the ghosts of squatters smile from the balcony. The bar spills onto a terrace lit with laughter. This isn’t just a venue — it’s a living archive of joy.",Homerton (Hackney),chatspalace.com,,Active
Chickenshed Theatre,,Southgate,https://www.chickenshed.org.uk,,Active
Circle of Trees – Environmental Arts Therapy UK,"Out in the woods, beneath ash and elder, circles form. Here the land becomes your mirror. With rituals, seasonal rites, and deep imaginal play, you’re invited to meet yourself through tree, stone, and story. A wild, grounded space for healing in kinship with the more-than-human world.","Queens Wood, Highgate",https://www.environmentalartstherapyuk.co.uk/,,Active
CLF Art CafÃ©,"A multi-floor creative arts centre hosting everything from Bestival parties to South London Soul Train, spanning house, funk, jazz, and beyond.",Peckham,https://www.clfartcafe.org,,Active
CLF Art Lounge & Pop-Up,"CLF is a pulse in human form — improvising, adapting, always playing. In its pop-up incarnation, the Lounge still throws the best kind of chaos: DJ decks spun till midnight, Latin bands blazing on a weeknight, and open mic nights where poets and drummers share the same stage. It smells like citrus and sweat. It tastes like rhythm.",Peckham (Southwark),clfartlounge.com/event‑list,,Active
CLF Art Lounge & Roof Garden,"A rooftop dreamscape above Peckham, where jazz floats through the night air and the city unfolds beneath fairy lights.",Peckham,https://www.clfartlounge.com,,Active
Colour Factory,,Hackney Wick,https://colourfactory.com,,Active
Colour House Theatre,"A Grade II-listed building hosting weekend children's shows and monthly blues club nights, a small-scale community arts hub.",Merton,https://www.colourhouseblues.co.uk/,,Active
Conway Hall,"A Grade II listed hall from 1929 housing the largest humanist research library, curating talks and concerts promoting ethical living.",Holborn,https://conwayhall.org.uk,,Active
Cordon Bleu London â€“ Culinary Short Courses,"In a historic townhouse off Marylebone Lane, Cordon Bleuâ€™s short courses unfold with ceremony and steel. Here, the chop of blade and hush of butter on heat are acts of reverence. Classic sauces, delicate pastries, French precision â€” itâ€™s culinary ballet in white coats and quiet fire. For those who hunger not just to eat, but to *know*.",Marylebone (W1),https://www.cordonbleu.edu/london/short-courses/en,,Active
Corner New Cross,"An LGBTQIA+-led neighbourhood coffee shop, cocktail bar, and art gallery where inclusive ethos meets rotating artwork and community warmth.",New Cross,https://www.cornernewcross.com/,,Active
Cubitt Artists,"Cubitt is a stitched-together constellation — studios, gallery, gathering ground. Here, artists teach each other how to live. Zines are made beside prints, queer anthologies are launched with reverence, and every wall is a question. It is both quiet and defiant, tender and revolutionary. Art here is less object than encounter — a shared breath in Angel Mews.",Islington (Angel Mews),cubittartists.org.uk,,Active
Culinary Anthropologist â€“ Charcuterie Masterclass,"In a North London kitchen kissed by spice and study, the Culinary Anthropologist teaches preservation like poetry. Pork becomes prosciutto, time is measured in cure and air, and salt holds centuries of secrets. This is meatcraft as memoir, a masterclass in transformation, where knife and knowledge meet with reverence.",Highbury (N5),https://www.culinaryanthropologist.org/classes/charcuterie-masterclass/,,Active
Dino Snores for Grown Ups â€“ Natural History Museum Sleepover,"The whale looms above your sleeping bag, vast and serene. At Dino Snores, adults take over the museum: dinner beneath dinosaur bones, science shows, silent disco, a movie marathon, and sleep among ancient beasts. The building hushes at midnight, and in that hush â€” wonder stirs.",Kensington,https://www.nhm.ac.uk/events/dino-snores-for-grown-ups.html,,Active
Draughts – Board Game Café,"A game-slick hideaway where minds meet over meeples and the candlelight of strategy. From the roar of Waterloo to Hackney’s hum, the tables are alive with laughter, rules, and rebellion.",Hackney,https://www.draughtslondon.com/,,Active
Dusty Knuckle Bakery â€“ Fermentation Workshop,"Dalstonâ€™s Dusty Knuckle, all flour-dust and firelight, opens its arms to the fermentation faithful. Here, Clare teaches the old art with modern laughter â€” kimchi that kicks, lemons softened by salt, jars cradled like secrets. Bread is broken, beers are poured, and the sour tang of learning lingers sweetly on the tongue. A place where bacteria bloom and strangers bond.",Dalston,https://www.eventbrite.co.uk/e/fermentation-workshop-tickets-1111627410509,,Active
EartH,"A refurbished 1930s cinema with three spaces hosting eclectic, vibrant programming from leading and emerging artists.",Dalston,https://earthackney.co.uk,,Active
East London Strippers Collective Life Drawing,"Here, the pole is both pedestal and paintbrush. Strippers pose in motion, limbs inked in shadow and steel. You sketch with reverence and riot alike â€” celebrating sex work as art, as performance, as power. The East London Strippers Collective turns life drawing into a love letter to autonomy.",Shoreditch,https://www.outsavvy.com/event/29977/life-drawing-with-the-east-london-strippers-collective,,Active
Eco-Somatic Movement Workshops – Katsura Isobe,"This is movement born of leaf and sky. Guided by the cycles of the land, these sessions weave body, breath, and season. You’ll stretch like willow, root like oak, listen like rain. Eco-somatics here is not performance — it’s a quiet returning to the wisdom beneath your skin.",Chisenhale Dance Space,https://katsuraisobe.net/workshops/ecosomatic-movement/,,Active
Ecstatic Dance London â€“ The Ritual,"No talking. No shoes. No spectators. The Ritual is a full-day immersion where cacao kisses lips, rhythms unspool into trance, and touch is offered with reverence. Held with sacred clarity, this is dance as prayer, as truth, as freedom â€” a sanctuary for the raw, the open, the becoming.",Various London venues (often community halls and studios),https://www.eventbrite.co.uk/e/the-ritual-tantric-trance-dance-conscious-connections-ecstatic-dance-tickets-1835087669619,,Active
Ecstatic Dance UK â€“ Sunday Sessions,"Sunday mornings stretch open at The Baths, where cacao warms the heart and silence wraps the dance floor. No talking. No judgement. Just bodies in motion, following rhythm like a river. Here, movement is medicine and joy is sacred â€” a weekly breath for the spirit through beat and stillness.",Hackney Wick,https://ecstaticdance.org/dance/ecstatic-dance-uk/,,Active
Ecstatic Dance UK – Sun·day Dance,"Barefoot, boundless, and bathed in bass. This isn’t clubbing — it’s communion. Held in a West London dance sanctuary, these Sunday mornings move from stillness to sweat to surrender. You’ll find yourself in the music — raw, luminous, unshamed — moving in a field of joy and deep collective rhythm.",Hackney Wick,https://ecstaticdance.org/dance/ecstatic-dance-uk/,,Active
Finborough Theatre,"A pocket-sized powerhouse above a pub, presenting thought-provoking new writing and neglected masterpieces in a fiercely intimate 50-seat space.",Earl's Court,https://finboroughtheatre.co.uk/,,Active
Forage London â€“ Wild Food & Nature Walk (Tower Hamlets Cemetery Park),"In the hush of a Victorian cemetery, nettles and mushrooms reclaim the ground with quiet confidence. Led by forager Ken Greenway, this walk teaches the secrets of wild plants that hide in plain sight. Past ivy-draped headstones, youâ€™ll meet flavours, folklore, and a green magic thriving among the gravestones.",Tower Hamlets,https://www.foragelondon.co.uk/events/tower-hamlets-cemetery-park-dec-2025,,Active
Forage London â€” Wild Food and Nature Walk (E3),"In the hush of Tower Hamlets Cemetery Park, nature reclaims her place with soft insistence. Here, with Ken Greenway as guide, ivy tangles with knowledge and nettles become teachers. You'll taste the city's wild fringe: bitter leaves, fragrant blooms, mushrooms like secrets. Each step is a slow remembering â€” of hunger, of belonging, of the green abundance beneath the grit.",Tower Hamlets,https://foragelondon.co.uk,,Active
Four Quarters,"Arcade alchemy in three boroughs — where laughter loops through coin-drop echoes, and the neon hum of nostalgia sings beneath every pint.",Hackney Wick,https://www.fourquarters.bar/,,Active
Fox & Firkin,"A sprawling garden hides a restored 1950s train carriage and stages for outdoor revelry, where live music pulses and the night stretches wild.",Lewisham,https://foxfirkin.com,,Active
Freeweaver Studio,"A quiet reverence weaves through Freeweaver Studio. Nestled in London Fields, looms stand ready for thread to sing its slow song. Japanese tools, soft yarns, and deep silence make each session feel like a temple of motion. The weave becomes thought, the shuttle a brush of calm across the loom.","Cordwainers Pop-Up, London Fields (E8)",https://freeweaver.co.uk,,Active
Friends of Nunhead Cemetery â€“ Guided Tours & Bat Sighting Walks,"The ivy knows these names. At Nunhead, the cemetery breathes history and woodland both. By sunset, bats arc above Victorian crypts, their shadows mingling with that of ancient grief. These volunteer-led walks are full of memory and mystery â€” a perfect pairing of natureâ€™s wild return and the city's silent past.",Nunhead,https://www.fonc.org.uk/events,,Active
Gate Theatre,"New voices telling international stories, bringing world-changing theatre to London from a Camden base that champions bold, boundary-crossing work.",Camden,https://www.gatetheatre.co.uk/,,Active
Gather Glass â€“ Glassblowing Classes,"The heat of the furnace draws you in at Gather Glass, where breath and flame shape molten beauty. Blow your own bauble, twist a tumbler into being, or spend the day dancing with fire. This is glass not as ornament but as transformation â€” glowing, spinning, alive in your hands.",Woolwich,https://gather.glass,,Active
Genesis Cinema,"A community-focused cultural hub offering horror marathons, kung-fu nights, feminist zine gatherings, and cult classics on comfy sofas with cocktails.",Bethnal Green,https://www.genesiscinema.co.uk,,Active
George IV Boston Room,"Monthly jazz nights in an intimate pub room, where high-calibre musicians and regulars gather for Trio Manouche and Jazz Mondays.",Chiswick,https://www.chiswickcalendar.co.uk/george-iv-pub/,,Active
"Ghosts of the Old City â€“ Eldritch, Tenebrous London (London Walks)","Beneath the hum of modern London, shadows curl through alleyways and stories breathe behind the stones. Guided by actors under lamplight, this walk slips through plague pits and lost courtyards, tracing the haunted spine of the Old City. Every whispered tale leaves the air a little colder, the night a little deeper.",City of London,https://www.walks.com/walks/ghosts-of-the-old-city/,,Active
Gia Como â€“ Bespoke Candle Making Workshop,"In a fragrant pocket of Shoreditch, Gia Como lights the wick of your imagination. Blend essential oils into something uniquely yours, pour slow wax into glass, and christen your creation with a name that lingers. Each flame becomes a fingerprint â€” a quiet glow with your story inside.",Shoreditch,https://www.craftcourses.com/courses/candle-making-workshop-create-your-own-signature-scent-with-gia-como,,Active
Graeae Theatre Company,,Dalston,https://graeae.org,,Active
Grand Junction Arms,"A vibrant canal-side pub claiming the biggest beer garden in north London, with seasonal menus and a busy events calendar.",North West London,https://www.grandjunctionarmsnw10.co.uk,,Active
Grimoire Crafting with Hallowed Hollow,"In a quiet studio, parchment meets purpose. Hallowed Hollowâ€™s grimoire workshops invite you to bind your magic by hand â€” stitching leather, ink, and lore into something wholly yours. Itâ€™s not just a book. Itâ€™s a spell held in pages.",South East London,https://hallowedhollow.com/grimoire,,Active
Grove Farm Bat Walk â€“ Ealing Wildlife Group,"Far from the lights of the high street, Grove Farm breathes with quiet wildness. On this twilight walk, bats flicker like shadows between trees, their calls turned audible through detector magic. A torchlight glances off wings, a hush falls, and for a moment, you are entirely within the dusk.","Grove Farm Nature Reserve, Sudbury Hill (meeting point outside Sudbury Hill Tube)",https://www.ealingwildlifegroup.com/post/grove-farm-bat-walk-2025,,Active
Hackney Empire,"A historic variety theatre from 1901 with ornate Victorian architecture, leading eclectic programming from stand-up to opera.",Hackney,https://hackneyempire.co.uk/,,Active
Hackney Herbal â€“ Herbal Wellbeing Masterclasses & Remedies Workshops,"In the plant-laced quiet of Well Street, Hackney Herbal tends the body and spirit alike. Calendula blooms in oil, lip balms stir with lavender, and sprays carry calm in each mist. These sessions are as soft as they are skilled â€” herbalism not just taught, but lived, gently and well.",Hackney,https://www.hackneyherbal.com,,Active
Half Moon Theatre,,Limehouse,https://halfmoon.org.uk,,Active
Hampstead Observatory Public Nights,"At the edge of Hampstead Heath, past rustling leaves and pond-dark stillness, an old telescope tilts toward Saturn. Every Friday and Saturday, stargazers gather in this city-side observatory, watching planets gleam through Victorian glass. It's a quiet, cosmic devotion â€” London looking out, far beyond herself.",Hampstead,https://gostargazing.co.uk/venues/hampstead-observatory/,,Active
Heaven,"Central London's only 1,000-capacity gay club, the focal point of London's gay scene since 1979, hosting G-A-Y and big-name live acts.",Westminster,https://heaven-live.co.uk,,Active
Hen Corner â€” Introduction to Cheese Making,"Tucked in Brentford's gentle sprawl, Sara Ward's garden sings with bees, hens, and the quiet clink of curds forming. At Hen Corner, cheese making is homely magic â€” mozzarella stretched warm, camembert blooming in mould-soft hush. The day is generous: garden tours, homemade lunch, laughter over milk and culture. You'll leave with hands scented of whey, and heart full of old ways made new.",Brentford (TW8),https://hencorner.com/product/cheesemaking/,,Active
Hidden London Tours â€“ London Transport Museum,"Beneath the London you know lies a city preserved in dust and echoes. Hidden London Tours descend into Tube stations long forgotten â€” Aldwychâ€™s tiled hush, Charing Crossâ€™s stillness behind locked gates. Here, the past hasnâ€™t moved. Your footsteps join those of wartime sleepers, ghost commuters, and soot-streaked engineers.",Clapham,https://www.ltmuseum.co.uk/whats-on/hidden-london,,Active
Highgate Cemetery After-Hours Tour (SAVE Britainâ€™s Heritage),"Beyond the iron gates, ivy and angels cradle the stones. By twilight, Highgateâ€™s West Side is opened to a privileged few â€” led past crypts and moss-soft chapels by torchlight and tales. Here, Victorian grief becomes grandeur, and architecture mourns in marble. An after-hours reverence for the gothic sublime.",Highgate,https://www.savebritainsheritage.org/events/an-evening-at-highgate-cemetery-out-of-hours-walking-tour-for-save-supporters,,Active
Hiver Beers â€” Cider Making Workshop,"In Bermondsey's amber archways, apples become alchemy. At Hiver's taproom, you'll chop, crush, and press â€” turning crisp fruit into golden promise. Two bottles of your own cider leave with you, still whispering their slow-fermenting spell. The space hums with warmth, honey, and sticky joy. This is fermentation with fingerprints â€” autumn in a bottle, and a little wildness to keep.",Bermondsey,https://hiverbeers.com/pages/workshops,,Active
Holotropic Breathwork – Experiential Weekend,"This is not breathwork, it’s descent. Over a weekend held in sacred structure, you will breathe into altered states — eyes closed, music loud, the body leading where language ends. It’s intense, profound, alchemical. Held by trained facilitators, the container is strong enough to hold whatever emerges.",Colet House,https://dandelion.events/e/r6zie,,Active
Hootananny Brixton,,Brixton,https://hootanannybrixton.co.uk,,Active
Horniman Museum and Gardens,,Forest Hill,https://www.horniman.ac.uk,,Active
House of Burlesque Academy,"Feathers flare, heels click, and something ancient wakes. At House of Burlesque, you learn more than steps â€” you learn to occupy your body with flair, pride, and glittered joy. Taught by showgirls and stars, this is an academy of unapology: a sequinned homecoming to the stage within.",Covent Garden,https://www.houseofburlesque.co.uk/academy-home,,Active
Hundred Years Gallery,,Hoxton,http://hundredyearsgallery.co.uk,,Active
IKLECTIK Art Lab,"A grassroots Art Lab dedicated to experimental sound and socially engaged practices, holding care, experimentation, and resistance at its core.",Peckham,https://iklectik.org,,Active
Institute of Making (UCL) â€“ Papermaking Course,"In Stratfordâ€™s academic heart, fibres are softened, coaxed, transformed. The Institute of Making offers a slow dive into the ancient and experimental: paper made not only by hand, but by thought. Japanese techniques mix with modern invention. Itâ€™s method and meditation â€” a six-week whisper from fibre to form.",Stratford,https://www.instituteofmaking.org.uk,,Active
Jacksons Lane,"Haringey's flagship arts venue for 45+ years, empowering diverse communities through circus, contemporary performance, and creative participation.",Highgate,https://www.jacksonslane.org.uk/,,Active
Jazz CafÃ© POSK,A Polish community jazz club where red curtains frame international improvisation and melancholic beauty meets global rhythms.,Hammersmith,https://jazzcafeposk.org/,,Active
Jazzlive at the Crypt,"Beneath St Giles Church, Friday nights dissolve into improvised jazz and candlelight, where every note echoes off stone older than memory.",Camberwell,https://www.jazzlive.co.uk,,Active
Kanpai London â€” Sake Tasting & DIY Sake Brewing,"Beneath Peckham's arches, sake breathes. Kanpai â€” London's first sake brewery â€” pulses with rice and reverence. In the taproom, tastings unfold like poetry: crisp, umami-laced, each sip a glimpse into Japan's soul. For the devoted, there's more â€” a full-day ritual of brewing your own batch. Koji spores, polished grains, steam, and stillness. This is not quick consumption â€” it is a ceremony in yeast and patience.",Peckham,https://kanpailondon.com,,Active
Kelechnekoff Pole Dance Studio,"Founded by Kelechi Okafor, this Peckham studio is fire wrapped in velvet. From the grind of spinning pole to the strut of heels, each class is a space of sensual reclamation. This is where bodies roar, pleasure is political, and every drop of sweat spells power and play.",Peckham,https://www.kelechnekoff.com/timetable,,Active
King's Head Theatre,"London's longest-running pub theatre, now in a purpose-built space celebrating the LGBTQ+ community through plays, cabaret, and drag.",Islington,https://www.kingsheadtheatre.com/,,Active
Kitchen Witchery at Made in Hackney,"Here, the spell is a soup. In this warm Clapton kitchen, herbs are chopped with intention, roots stirred with reverence. Made in Hackney offers plant-based classes where food becomes ritual â€” nourishing body and spirit alike. Itâ€™s everyday magic, honest and edible.",Hackney,https://www.madeinhackney.org/whats-on,,Active
Library Pot,"Tucked along Kew Road, Library Pot is a licensed café where 700 games wait like old friends. Here, Thai green curry shares the table with Catan, kimchi noodles with cooperative quests. The pace is languid, the company warm, and the mahjong leagues fierce with quiet devotion. Sessions stretch long into the evening, fuelled by craft ales and the gentle click of tiles on wood.",Richmond,https://librarypot.uk/,,Active
Liminal 11 â€“ Tarot & Mysticism Events,"From the artists of the Modern Witch tarot comes a rotating carousel of pop-up magic â€” tarot salons, deck releases, live readings. Liminal 11 blends art with archetype, inviting you to draw a card, spark a vision, and play with the symbols that shape the soul.",Various venues across London,https://liminal11.com/events/,,Active
Loading Bar,"A glow-lit lounge of glitch and glee — consoles buzz, dice tumble, and cocktails kiss the dusk in this retro refuge for grown-up play.",Stoke Newington,https://www.loading.bar/,,Active
London Calligraphy,"In the hush of hotel parlours and sunlit studios, London Calligraphy offers a pause in ink. Here, copperplate curves emerge beneath your fingers, guided by the delicate touch of tradition. Itâ€™s a space for stillness, for letters born of breath â€” where a pen becomes an instrument of grace.",Various venues across London (often central hotels and studios),https://londoncalligraphy.com,,Active
London Centre for Book Arts (LCBA),"On the industrial edge of Fish Island, LCBA hums with the rhythm of ink and old machines. Here, the press breathes life into paper, each print a quiet thunder of expression. From risograph bursts to the elegance of letterpress, this is where type and touch meet â€” and leave you marked, hands inked, heart stirred.",Fish Island,https://londonbookarts.org,,Active
London Cheese Board â€“ Cheese & Wine Pairing Evenings,"In a modest nook near Elephant, the London Cheese Board lays a velvet map of milk and grape. Cheddarâ€™s tang meets a Burgundy hush, and Stilton dances with Portâ€™s dark murmur. These pairing evenings are part flirtation, part ritual â€” and entirely delicious. Come with questions, leave with a larder of new longings.",Elephant & Castle (SE1),https://www.thelondoncheeseboard.com/,,Active
London Night Photography Tour â€“ London Streets Photography,"The Thames gleams under bridge-light and moon. This night tour slips through London's iconic sights â€” St Paulâ€™s dome, the shimmer of the Eye â€” teaching your lens to breathe in low light. With a tripod and a bit of patience, youâ€™ll catch the city mid-exhale, luminous and alive.",Central London landmarks (meeting point arranged with guide),https://londonstreetsphotography.co.uk/project/london-night-photography-tour/,,Active
London Smoke & Cure â€” Salami Sessions,"Charcuterie here is no afterthought â€” it is the whole slow gospel. At London Smoke & Cure, in a purpose-built Bermondsey studio, you'll grind, cure, season, and fill â€” hand-making salami that sings of time and salt. The air smells of pepper and promise. You'll sit down to a shared tasting, then leave with your own handmade links, cradled like treasure. Fermentation becomes faith. The meat, a memory.",Bermondsey,https://londonsmokeandcure.co.uk/products/salami-sessions-workshop,,Active
Love & Loss – Grief Tending Rituals,"Grief is not a problem to be solved, but a river to be met. In this sacred circle, held by experienced guides, you’ll share song, story, silence, and lament. There are altars. There are tears. There is relief in the presence of others who will not look away.",Various London locations,https://www.loveandloss.co.uk/loss/grief-tending-events/,,Active
Luna London â€“ Full Moon Gatherings & Workshops,"At every full moon, Luna London lights a soft fire â€” sometimes with crystals, sometimes cacao, always with care. These women-led circles call in clarity, release, and rooted presence. The magic here is intimate, less thunder than tide â€” a rhythm you can live by.",Hackney,https://www.lunalondon.co.uk/workshops,,Active
Made in Hackney â€“ Preserving & Pickling Workshops,"At Made in Hackney, preservation becomes praxis. In these pickling and fermenting classes, cucumber becomes protest, jam becomes joy, and vinegar sharpens more than just flavour. Itâ€™s slow food for fast times â€” radical, rooted, and deliciously real. Come with an apron; leave with a pantry revolution.",Hackney (E8),https://www.madeinhackney.org/whats-on,,Active
Mash Paddle Brewery â€” Brew Your Own Beer,"Down on the Bermondsey Beer Mile, a railway arch hums with malted intention. Mash Paddle hands you the grains, the paddle, the process â€” and says: go. You'll choose the style, stir the mash, watch the wort boil and bubble. It's earthy, heady, and satisfyingly real. Weeks later, you'll crack open your own cans â€” 24 of them â€” each one fizzing with your name, your labour, your laugh.",Bermondsey,https://mashpaddlebrewery.com,,Active
Matchstick Piehouse,"Resurrected by artists as a worker-run co-op, this railway arch pulses with radical theatre, cabaret, and community-powered joy.",Deptford,https://matchsticktheatre.com,,Active
Miller’s Way Project – Pay It Forward Sound Therapy,"In a converted garage on a quiet West London street, healing hums in bowls and breath. This pay-it-forward project offers somatic journeys and soundbaths — held not as products, but as gifts. It’s a sanctuary for those whose nervous systems are still learning how to feel safe.",Shepherd’s Bush,https://www.millerswayproject.com/,,Active
Music Tree Circles – Circle Singing,"Voices weave like vines in the Music Tree Circles. No sheet music, no judgment — only call and echo, layer and loop. Led by a skilled improviser, the circle grows a living song, made of all who enter it. Harmony here is not perfection — it’s communion.","Barnsbury, Islington",https://musictreeuk.com/circlemusic/,,Active
Mysteries of the Tarot with Richard Abbot,"Richard Abbot teaches tarot not as fortune-telling but as soul-language. In person or online, he maps the major arcana as a journey of becoming â€” each card a mirror, each spread a slow unfolding. These arenâ€™t classes. Theyâ€™re pilgrimages, layered with depth and nuance.",Camden,https://www.thehamblintrust.org.uk/richard-abbot,,Active
Neon Naked Life Drawing,"Under blacklight, bodies become living canvases. At Neon Naked, models glow in UV paint while participants sketch with luminous pastels. It's playful, trippy, and gently anarchic â€” a space where traditional art rules melt, and creativity dances radiant across the page.",Peckham,https://www.eventbrite.co.uk/o/neon-naked-life-drawing-12148068361,,Active
New River Studios,,Manor House,https://newriverstudios.com,,Active
Night Street Art Photography Workshop â€“ Shoreditch Street Art Tours,"In Shoreditch after dark, murals take on a second life â€” one of haloes and headlights, shadows and neon. Led by a photographer with a streetwise eye, this workshop invites you to dance with your camera among the graffiti. Light trails sketch magic; the city grins back in colour.",Shoreditch,https://www.shoreditchstreetarttours.co.uk/night-photography-tours/,,Active
Old Bexley Soap & Candle Co. â€“ Candle & Soap Courses,"Down a quiet court near the Strand, flames flicker and scents rise in a workshop scented with rosemary and rose. At Old Bexley, the craft of clean and candle is taught by hand â€” wax poured slow, soap stirred with care. The result? Bars and tapers infused with warmth and wonder.",The Strand,https://www.oldbexleysoap.co.uk,,Active
Orange Tree Theatre,,Richmond,https://orangetreetheatre.co.uk/,,Active
Oslo Hackney,"A 375-capacity venue in a redeveloped railway station with Nordic aesthetic, hosting indie bands and club nights with an excellent sound system.",Hackney,https://oslohackney.com,,Active
Otter Chaos,"Beneath Brixton station, Otter Chaos glows warm and colourful, lined with 500 games and humming with laughter. Sourdough pizzas emerge from the oven as Catan settlements rise and D&D campaigns unfold in hushed corners. The atmosphere buzzes without pressing — a hideaway for first-timers and veterans alike, where craft cocktails and cooperative play make every evening feel like an accidental festival.",Brixton,https://www.designmynight.com/london/event-space/brixton/otter-chaos,,Active
Park Theatre,"A neighbourhood theatre with global ambition, delivering world-class theatre through accessible stories and community-focused programming.",Finsbury Park,https://parktheatre.co.uk/,,Active
Phantom Peak,"Phantom Peak is a town that breathes. A steampunk dreamscape by the water, where app-led trails wind through carnival games, live actors, and mysteries that shift with the seasons. You are the protagonist here, solving puzzles at your own pace, sipping cocktails by a waterfall, meeting eccentric strangers who might be allies or tricksters. It's a real-life video game — collaborative, immersive, and utterly unlike anything else in London.",Canada Water,https://www.phantompeak.com/,,Active
Phoenix Cinema,"One of the UK's oldest continuously operating picturehouses, a Grade II listed 1912 building with barrel-vaulted ceilings and Art Deco panels.",Finchley,https://www.phoenixcinema.co.uk,,Active
Phonox,,Brixton,https://phonox.co.uk,,Active
Pizza Express Jazz Club,"One of London's most iconic jazz venues since 1976, a basement where tables cluster around a small stage hosting world-renowned artists.",Soho,https://pizzaexpresslive.com/venues/soho-jazz-club,,Active
Pleasance Theatre,"A leading arts charity championing innovation and emerging voices, hosting hundreds of productions while providing artist development and mentorship.",Islington,https://www.pleasance.co.uk,,Active
Poetry CafÃ©,,Covent Garden,https://poetrysociety.org.uk/venue/the-poetry-cafe/,,Active
Pole Mission Dance Studio,"Tucked above Dean Street, Pole Mission pulses with rhythm and rebellion. Exotic spins, aerial swoops, laughter echoing from mirrored walls. Here, strength meets seduction â€” unapologetic and alive. Whatever your story, thereâ€™s room on the pole for it, wrapped in community, expression, and the shimmer of self-trust.",Soho,https://www.polemission.london,,Active
Poplar Union,"A grassroots community arts centre making creativity accessible to everyone, focusing on health, wellbeing, and social connection.",Poplar,https://poplarunion.com,,Active
Print Club London,"Beneath the corrugated canopy of Hackneyâ€™s creative veins, Print Club London thrums with layered colour and communal ink. Here, CMYK dreams emerge from halftone haze, and beginners learn to pull their very first print â€” a delicate chaos of light, shadow and screen. Life-drawing mingles with emulsion; art breathes.",Hackney,https://printclublondon.com,,Active
Questors Theatre,"One of the UK's leading amateur theatres, staging 15-20 professional-quality productions yearly across two performance spaces.",Ealing,https://questors.org.uk,,Active
Rich Mix,"East London's home for culture and creativity, a charity presenting eclectic programming and reinvesting profits into community work.",Shoreditch,https://richmix.org.uk,,Active
Rick Nodine Contact Improvisation Classes & Jam,"In this open-floor playground, bodies lean, spiral, and fall into shared rhythm. Rick Nodineâ€™s classes explore trust through touch â€” how to give weight, take space, respond. Thereâ€™s no choreography, only curiosity. Itâ€™s not about how you move, but how you listen with skin, muscle, breath.",Tufnell Park,https://www.ricknodine.com/london-classes,,Active
Rio Cinema,"Dalston's crown jewel, an art-deco picture palace with activist roots hosting premieres, Q&As, and radical programming since the Rock Against Racism days.",Dalston,https://riocinema.org.uk,,Active
Rogues Quarter,"In Kentish Town's quieter streets, Rogues Quarter brews Ethiopian coffee and summons wargaming legends. Six-by-four tables sprawl with modular terrain, Magic the Gathering prereleases draw the devoted, and Kickstarter exclusives line the shelves like secrets. The vibe is coffeehouse meets battlefield: sustainable, laid-back, and open to all who seek the slow satisfaction of strategy.",Kentish Town,https://www.roguesquarter.com/,,Active
Rose Theatre,,Kingston,https://www.rosetheatre.org/,,Active
Roundhouse,"An iconic iron-roofed performing arts venue with industrial heritage, empowering young creatives through cutting-edge programming.",Camden,https://www.roundhouse.org.uk/,,Active
Royal Docks Swim Series (RDSS) Evening Swim,"At dusk, the docks shimmer with invitation. Swimmers slip into open water as the city retreats behind them â€” kayaks watchful, cap snug, heart racing. The Royal Docks Swim Series is more than a race: itâ€™s a ritual of courage in a place where history met tide, and now welcomes breath.","Love Open Water London Royal Docks, Dock Road, E16 1AH",https://www.royaldocks.london/whats-on/royal-docks-swim-series-rdss-2025,,Active
Rule Zero,"A multi-storey spellbook of games and geekery — Rule Zero draws campaigns from its woodgrain tables like legends from lore, and welcomes all who seek the thrill of shared invention.",Stratford,https://www.rulezero.co.uk/,,Active
Sacred Geometry & Alchemy with Golden Light,"Inside the Light Centre, forms and frequencies take on sacred shape. These workshops sketch the divine in golden ratios and unfold the ancient tongue of alchemy. More than visual â€” itâ€™s a felt sense, a soul-geometry that lingers in the body long after the compass closes.","The Light Centre, Moorgate, London EC2Y 5EB",https://www.goldenlight.love/events,,Active
Sadler's Wells,,Islington,https://www.sadlerswells.com/,,Active
Sanctuary Singing Circle,"Held in the hush of a city church or soft-lit studio, this circle invites you into resonance. Simple songs, deep breath, shared stillness — all shaped for nervous system restoration. The space is queer-honouring, neurodivergent-friendly, and gently radical in its insistence that your voice belongs.","King’s Cross, London",https://www.eventbrite.co.uk/e/sanctuary-singing-circle-kings-cross-every-saturday-tickets-1777492611249,,Active
Sandrine Bettinelli â€“ 'Embrace the Journey' Tantra Workshop,"Held in the hush of Anatomie Studio, this full-day initiation invites you into the softest layers of self. Breath, gaze, and touch become prayers â€” not of seduction, but of presence. Sandrine holds a field of radical acceptance, where tenderness leads and every boundary becomes sacred.",Peckham,https://www.sandrinebettinelli.com/london-tantra-workshops,,Active
Scala,"A four-floor entertainment venue hosting pounding club nights and gritty live gigs, where big names and rebellious energy collide.",King's Cross,https://scala.co.uk/,,Active
Sebright Arms,"A dishevelled Hackney boozer with a faithful crowd and basement gigs almost every night, where gritty east end energy pulses.",Hackney,https://sebrightarms.com,,Active
She's Lost Control â€“ Ritual & Spiritual Workshops,"Incense curls through the high-ceilinged space in Hackney, where crystals hum and the new moon is honoured in soft ceremony. Sheâ€™s Lost Control blends ancient ritual with modern energy â€” a haven for seekers, soul-sifters, and those who speak with the unseen.","42 Valentine Road, London E9 7AD",https://sheslostcontrol.co.uk/pages/events,,Active
Shoreditch Town Hall,"A Grade II listed cultural hub presenting progressive theatre, music, dance, and circus while supporting artists through residencies.",Shoreditch,https://shoreditchtownhall.com,,Active
Siobhan Davies Studios,,Bermondsey,https://www.siobhandavies.com,,Active
Sir Colin Campbell,An LGBTQI+-friendly modern Irish pub offering traditional live Irish music every weekend and warm Irish hospitality to all.,Kilburn,https://sircc.pub,,Active
Social Pottery â€“ Hand-Build & Decorate Ceramics Workshop,"Weekends in Camden bloom with glaze and laughter at Social Pottery. Mugs and bowls are coaxed into being with joyful fingers, then adorned in colour and story. Here, perfection is beside the point â€” this is about texture, expression, and the giddy pleasure of shaping earth into joy.",Camden,https://socialpottery.com,,Active
Soho Theatre,"London's most vibrant producer of new theatre, comedy, and cabaret, championing voices outside the mainstream.",Soho,https://sohotheatre.com,,Active
Sole2Soul – Open Floor Movement & Embodied Voice,"Here, the floor receives you and the voice returns. These workshops blend improvised movement with the subtle music of your own sound. No choreography, no scripts — only what your body offers, and what it asks. You’ll dance, hum, cry, breathe. It is liberation, gently held.",Various London venues (Creating Connexions),https://bookwhen.com/sole2soulvoiceandmovement,,Active
Sonsoles Print Studio,"In the heart of Peckhamâ€™s artistic sprawl, Sonsoles Print Studio pulses with pigment and play. The ink sings in layers, a chorus of colour pulled across silkscreen mesh. Here, screens are exposed, water-based inks are swirled like spells, and each print becomes a bright, noisy bloom. Itâ€™s all hands, all heart.",Peckham,https://sonsolesprintstudio.co.uk,,Active
South London Gallery,,Peckham,https://www.southlondongallery.org,,Active
Southwark Park Galleries (Lake Gallery & Dilston Gallery),"Two galleries bloom inside a London park: one beside the lake, the other inside a deconsecrated church. Southwark Park Galleries hold space for all — the seasoned painter, the first-time sculptor, the curious wanderer with a dog on a lead. Each show feels like a ritual of presence, a moment of quiet democracy framed in brushstroke and stone.",Bermondsey (Southwark),southwarkparkgalleries.org,,Active
Spiritland,,King's Cross,https://spiritland.com/,,Active
St Martin-in-the-Fields,"An active church on Trafalgar Square offering candlelit concerts, lunchtime recitals, and music in the crypt.",Trafalgar Square,https://www.stmartin-in-the-fields.org,,Active
Standpoint Gallery,"Behind a modest Hoxton doorway, Standpoint hums with the urgency of new work. The walls here do not sell — they speak. Raw, defiant, and alive with intent, this artist-run sanctuary invites you into its process: the paint still drying, the idea mid-bloom. Come not to consume, but to witness. The air carries critique and care in equal measure.",Hoxton (Hackney),https://standpointlondon.co.uk,,Active
Stanley Arts,,South Norwood,https://stanleyarts.org/,,Active
Stress Project – Therapeutic Gardening,"n a hidden North London garden, hands sink into soil. The Stress Project offers not advice, but calendula and compost, mint and mulch. This is healing through tending — of land, of self, of quiet community. Growth here is measured in roots, not results.","Holloway, Islington",https://www.stressproject.org.uk/therapeutic-gardening.html,,Active
Studio KÃ¼hÃ¼,"In a hush of East London, Studio KÃ¼hÃ¼ gathers petals and silence to teach the delicate art of botanical print. Dyes made of ice and flower, silk steeped in pigment dreams â€” here, the palette is alive. Each cloth becomes a pressed poem, each workshop a breath of blooming stillness.",East London,https://studiokuhu.com,,Active
Studio Pottery London â€“ Hand-Building Pottery Course,"In the still evenings of Victoria, Studio Pottery London offers clay not just as material but as meditation. Fingers pinch, coil, and smooth earth into form, guided by RCA-trained hands. Each session is an invitation to shape stillness â€” and leave with a vessel born of your own breath.",Victoria,https://www.studio-pottery-london.com,,Active
Tabard Pub & Theatre,"London Pub Theatre of the Year 2025, a cosy theatre above a historic pub presenting intimate comedy and new work.",Chiswick,https://tabard.org.uk,,Active
Tara Theatre,,Earlsfield,https://taratheatre.com,,Active
Tea & Tasseomancy â€“ Divination by the Cup,"A swirl in the bottom of a china cup, a shadow of future or feeling. Tea & Tasseomancy hosts cosy gatherings where stories rise in steam and leaves speak in riddles. Folk divination at its most intimate â€” half reading, half reverie.",Rotating venues (often East London cafes),https://www.instagram.com/teaandtasseomancy/,,Active
The Albany,"South East London's beating cultural heart, platforming local artists and driving creative participation rooted in social justice and community care.",Deptford,https://www.thealbany.org.uk,,Active
The Arcanist's Tavern,"Behind a candlelit doorway in Shoreditch, the threshold shimmers. Step through and you've crossed into a realm of potions, quests, and dice-carved fate. The Arcanist's Tavern weaves fantasy into every corner: The Apothecary shelves groan with indie games and craft brews, The Guild Hall's wargaming tables bloom with painted terrain, and The Archives offer sound-dampened sanctuaries for deep roleplay. This is D&D made flesh, where every roll matters and every stranger might be your party.",Shoreditch,https://arcaniststavern.uk/,,Active
The Betsey Trotwood,,Clerkenwell,https://www.thebetsey.com/,,Active
The Bhavan,"The UK's premier Indian arts centre, celebrating over 50 years of cultural legacy through classical dance, sitar concerts, and sacred philosophy.",West Kensington,https://www.bhavan.net/,,Active
The Bill Murray (Angel Comedy),"This crooked-limbed pub wears its chaos with pride. At The Bill Murray, you’re never far from a mic, a pint, or a moment of sheer ridiculous brilliance. Upstairs, the walls remember every laugh. Downstairs, comedians test raw material with nerve and delight. It’s comedy by the people, for the people — anarchic, intimate, and oddly moving.",Islington (Barnsbury),angelcomedy.co.uk/bill‑murray,,Active
The Camden Club,"In the hush before the first chord, Camden Club waits — polished, low-lit, and warm with promise. Here, guitarists trade licks like old stories, and the mic is always open to the brave. Blues, jazz, and rock wind through the air like cigarette smoke from another era. Pull up a cocktail, settle into the sound, and let the night unfold.",Chalk Farm (Camden),thecamdenclub.co.uk/whats‑on/open‑music‑jam,,Active
The College of Psychic Studies â€“ Esoteric Courses,"Established in 1884, this Victorian townhouse carries a hush of otherworldliness. The Collegeâ€™s courses unfold through tarot, astrology, mediumship â€” paths both gentle and uncanny. For those who feel the veil thin and wish to step through with reverence, this is a doorway long-held open.",Kensington,https://www.collegeofpsychicstudies.co.uk/,,Active
The Fermentarium (Festive Lactic Fermentation Workshop),"In the warm belly of Walthamstow, beneath winterâ€™s hush, the Hornbeam CafÃ© hosts a ritual of bubbling jars and spiced roots. Anna, keeper of brines, invites curious hands to conjure chutney and mulled ferments by candlelight. It is both kitchen and altar â€” the clink of spoons, the scent of cloves, the promise of transformation sealed in glass. A seasonal spell for the curious of palate and heart.",Walthamstow,https://www.thefermentarium.org.uk/event/lactic-fermentation-festive-special,,Active
The Fermentarium (Kimchi Masterclass),"At the Fermentariumâ€™s hearth, the spirit of Seoul simmers. Cabbage weeps, garlic sings, and gochugaru flares red as winter embers. This kimchi masterclass is fermentation as firelight â€” not factory, but family. Fingers mix memory, spice marks skin, and every jar is a pact between land and longing.",Walthamstow,https://www.thefermentarium.org.uk/event/kimchi-masterclass,,Active
The Garden Cinema,"An independent cinema opened in 2022 with art-deco features, emphasizing art-house foreign-language films that deserve to be seen.",Covent Garden,https://www.thegardencinema.co.uk,,Active
The Ginger Pig â€” Sausage Making Class,"Borough Market glows golden as dusk falls, and within it, The Ginger Pig sharpens its knives. In this carnivore's chapel, Josie teaches the art of sausage-making: pork, herbs, stuffing, and tying â€” all by hand. There's apricot and thyme, laughter and lard, and a feast to close the night. You'll leave with kilos of your own making â€” and the memory of meat transformed by care.",Borough Market (SE1),https://thegingerpig.co.uk/events/sausage-making-class-saturday-22nd-november-2025/,,Active
The Harrison,"An intimate venue famous for all-day folk festivals since 2011, hosting emerging and established artists alongside free Brazilian and Irish sessions.",King's Cross,https://harrisonvenuelondon.com,,Active
The Ivy House,"London's first community-owned pub, a Grade II-listed treasure offering everything from punk to poetry and Sunday jazz.",Nunhead,https://www.ivyhousenunhead.com,,Active
The Jazz CafÃ©,A 450-capacity Camden institution hosting a broad spectrum from jazz and soul to reggae and hip-hop since 1990.,Camden,https://thejazzcafelondon.com/,,Active
The Last Tuesday Society â€” Scrying Workshop with Lucya Starza,"Behind the crimson curtains of Viktor Wynd's Museum, mirrors darken and bowls shimmer. In this esoteric enclave, Lucya Starza leads a workshop on scrying â€” that ancient art of seeing by shadow. Smoke curls. Water stills. What emerges is not forecast but reflection, pulled from silver surface and ancestral dream. It is witchcraft as wonder: eccentric, reverent, and edged with the otherworld.",Hackney,https://thelasttuesdaysociety.org/exhibition/scrying-workshop-with-lucya-starza-live-3/,,Active
The Last Tuesday Society â€” Wicked Wednesdays: Tarot Readings with Tobias,"Step into the green glow of the Absinthe Parlour, where velvet shadows gather and Tobias shuffles the deck with a devil's grin. These Wednesday readings are less fortune-telling, more flirtation with the fates â€” intimate, peculiar, laced with the Society's signature mischief. Tarot here is both performance and portal. Drink in hand, you may just leave with more questions than answers. Perfect.",Hackney,https://thelasttuesdaysociety.org/exhibition/wicked-wednesdays-tarot-reading-with-tobias-devils-botany-live-3/,,Active
The Lexi Cinema,"London's only social-enterprise cinema, a volunteer-run boutique picturehouse championing films with social purpose and supporting international projects.",Kensal Rise,https://thelexicinema.co.uk,,Active
The Lexington,"The Lexington hums like an old guitar amp warming to life — half bar, half shrine to sound. Upstairs, the wide stage draws in alt-rock apostles and pop-quiz pilgrims alike, bathed in amber light and bourbon spirit. There’s no bad seat here — only a nearness, a nearness to something raw and real. Late nights linger like feedback, and the walls remember your name.",King's Cross,https://thelexington.co.uk,,Active
The London Leather Workshop,"Among the brickwork bones of Woolwich Dockyard, tradition is sewn into supple leather. The London Leather Workshop teaches with Italian precision and artisan soul â€” a place where hides become heirlooms and stitches follow ancient paths. Each cut speaks of care, each thread a tether to time.",Woolwich,https://www.thelondonleatherworkshop.com,,Active
The London Loom,"Thread your way into the bright heart of Hackney, where The London Loom invites you to weave without rules. Floor looms beckon like giant toys, yarns spill across tables, and your fingers are free to dance. Here, pattern is a memory, not a master. Come play, come make, come tangle and delight.",Hackney,https://thelondonloom.com,,Active
The Ludoquist,"Croydon’s warmest hoard of dice and dreams — where campaign nights drift past closing time, and the shelves hold a thousand stories waiting to be played.",Croydon,https://www.theludoquist.com/,,Active
The Others,"Step through a nondescript door and up into a candlelit dream. The Others is a shifting hearth for souls who speak in rhythm and rhyme. Guitars pass hand to hand, verses catch fire, and the room blooms with spontaneous magic. It’s part bohemian attic, part alchemist’s den — the sort of place where anything might happen, and often does.",Stoke Newington (Hackney),theothers.uk.com,,Active
The Phoenix Arts Club,"London's legendary venue for cabaret and variety, presenting nightly drag, musical theatre, and burlesque shows to 100,000 cabaret lovers yearly.",Soho,https://phoenixartsclub.com,,Active
The Place,"A creative powerhouse for dance, home to London Contemporary Dance School and one of Europe's most innovative spaces for boundary-pushing work.",King's Cross,https://theplace.org.uk,,Active
The Poetry Café,"Step off the cobbles and into the hush. The Poetry Café is a sanctuary for words that linger. Teacups clink beside trembling pages as voices rise — tender, furious, curious — into the low-lit air. Here, the stage is small but the heart is vast. You may come to listen. You may leave having spoken.",Covent Garden (Camden),https://poetrysociety.org.uk/venue/poetry-cafe,,Active
The Slaughtered Lamb,An acoustic haven in a Clerkenwell basement where audiences and performers mingle closely beneath low ceilings and a small corner stage.,Clerkenwell,https://www.urbanpubsandbars.com/venues/slaughtered-lamb,,Active
The Social,"A beloved bar designed by David Adjaye, somewhere between modern speakeasy and home-from-home local, hosting intimate gigs and frenetic DJ sets.",Fitzrovia,https://thesocial.com,,Active
The Sound Lounge,"A carbon-neutral haven for roots music, where vinyl spins and voices rise gently over plant-based plates and communal warmth.",Sutton,https://thesoundlounge.org.uk,,Active
The Space,"A converted 19th-century church offering atmospheric performances and workshops, where stone walls hold echoes of both prayer and art.",Isle of Dogs,http://www.space.org.uk,,Active
The Tabernacle,"A Grade II-listed former church turned arts centre, still resonating with Caribbean Carnival roots and cross-cultural programming.",Notting Hill,https://www.thetabernaclew11.com/,,Active
The Viaduct,"A historic coaching inn from 1737, famous for its upstairs Bearcat Comedy Night and warm, family-friendly atmosphere.",Hanwell,https://www.viaduct-hanwell.co.uk,,Active
Theatre Peckham,"A multi-award-winning venue championing artistic excellence and social change, amplifying young voices and platforming community experiences.",Peckham,https://www.theatrepeckham.co.uk,,Active
Therapeutic Yoga Community Group – Jane O’Rourke,"In candlelight or soft morning sun, this yoga practice becomes a form of prayer. Trauma-informed, body-honouring, breath-led — Jane’s sessions are less about poses and more about presence. Expect nervous system kindness, deep exhale, and the possibility of coming home to yourself.","Down to Earth Yoga, N19",https://janeorourke.com/what-i-do/theraputic-yoga/therapeutic-yoga-community-group/,,Active
Top CuvÃ©e / Shop CuvÃ©e â€“ Natural Wine Masterclass,"Shoreditchâ€™s wine den wears no airs â€” just candlelight, laughter, and glasses that breathe. In this tenderly unruly masterclass, five natural wines unfold like characters in a play, each with its wild edge and wounded grace. A host murmurs tales of soil and maker, grape and gut. Come curious, leave changed. This is not drinking â€” itâ€™s listening, glass to lips.",Shoreditch (E1),https://www.shopcuvee.com/pages/natural-wine-masterclass,,Active
Tramshed,"A community arts hub using performing arts to serve young people and adults with learning differences, fostering social cohesion through creativity.",Woolwich,https://tramshed.org,,Active
Treadwellâ€™s Bookshop â€“ Witchcraft Classes,"Behind the dusky glass and whispered shelves, Treadwellâ€™s gathers the curious and the initiated alike. Its witchcraft classes thread ritual with history, herbs with symbols. This is no marketplace of tricks â€” but a library of power, quietly lit, where magic is studied, respected, and made real.",Fitzrovia,https://www.treadwells-london.com/,,Active
TT London â€“ Whisky Tasting Experience,"In a North London studio, alchemy is sipped, not spilled. Seven whiskies â€” smoky, honeyed, brash and shy â€” are poured like myth into glass, each one a map of time and terrain. A cocktail to begin, and then a slow descent into the oak-aged depths. This is no frat boy fire â€” itâ€™s reverence in amber. For those who taste memory on the tongue.",Studios in North London,https://tt-london.co.uk/tastings/whisky-tasting-london/,,Active
Turner & George â€” Beef Butchery Class,"When the butcher's lights dim, four aprons await. At Turner & George, this after-hours session slices straight into the primal â€” a whole fore-rib of beef, broken down by your hands and the master's blade. Each cut is explained with reverence. Then comes the feast: a steak dinner with wine, and parcels of meat to carry home like trophies. A carnivore's catechism, quietly taught in bone and flame.",Clerkenwell,https://www.turnerandgeorge.co.uk/beef-class,,Active
Umbrella Workshop â€“ Irish Whiskey Tasting,"Hidden behind Shoreditchâ€™s bustle, the Umbrella Workshop whispers warmth. Here, twelve souls gather in the hush of cut glass and cured meats, their lips kissed by PoitÃ­n and Irish malts. There is nothing rushed â€” only stories steeped in smoke, small pours poured with purpose, and a lingering that becomes its own devotion. The night folds in like a cloak. Let it.",Shoreditch,https://theumbrellaproject.co.uk/tastings/,,Active
Union Chapel,A working church and not-for-profit performance space where gothic architecture and exceptional acoustics frame diverse programming.,Islington,https://unionchapel.org.uk/,,Active
Viktor Wynd Museum,,Hackney,https://thelasttuesdaysociety.org/,,Active
Village Underground,"A renovated Victorian warehouse topped with hollowed-out Jubilee line carriages, offering a blank canvas for independent arts and music.",Shoreditch,https://www.villageunderground.co.uk,,Active
Vortex Jazz Club,"The Vortex doesn’t just host jazz — it breathes it. Inside this Dalston corner, melody and memory blur as horns wail and cymbals shiver. It’s a space where strangers nod in time and improvisation leads the way. Sunday jams spill warmth like whisky, and every evening feels like a secret kept in plain sight.",Dalston (Hackney),vortexjazz.co.uk,,Active
We Make Books,"Tucked into the quiet curve of Belfast Road, We Make Books offers a sanctuary for the book-obsessed and curious of hand. Here, youâ€™ll stitch Belgian secrets, press Tetrapak prints, and conjure zines with quiet care. The ink smells of story; the folded paper holds memory. Itâ€™s a space for slow making â€” deliberate, tactile, a hymn to the enduring spell of craft.",Stoke Newington,https://wemakebooks.co.uk,,Active
Wheel of Consent Weekend Workshop,"Beneath every touch is a question: Is this for you, or for me? In this quiet, potent weekend, participants learn to name their desires, honour their boundaries, and listen with their whole being. The Wheel of Consent isnâ€™t just a framework â€” itâ€™s a doorway to deeper, kinder knowing.",Private studio in London (exact location shared with participants upon booking),https://dandelion.events/e/n283o,,Active
Wild Food UK â€“ Foraging Courses,"Among Hampsteadâ€™s tangled roots and hedgerows, a different kind of wisdom grows. Led by Wild Food UK, these foraging walks trace edible stories across bark and bramble â€” mushrooms like hidden prayers, greens with ancient names. Youâ€™ll never look at nettles the same again. This is London as larder, wild and whispering.",Hampstead,https://www.wildfooduk.com/foraging-trips/london/,,Active
Wilton's Music Hall,"The oldest surviving Grand Music Hall in the world, a Grade II* listed building staging extraordinary theatre and music in candlelit atmosphere.",Whitechapel,https://wiltons.org.uk,,Active
Witchy Women â€“ Candle Magic & Spellwork Classes,"Under twinkling lights and the watch of many mirrors, Witchy Women gathers in circles of wax and wonder. These arenâ€™t dusty grimoires, but bright, embodied rites: candle spells, intention rituals, laughter-laced magic. Itâ€™s a coven, yes â€” but also a celebration.",Hackney Wick,https://witchywomen.uk,,Active
Wonders of the Dark Sky â€“ Woodoaks Farm Stargazing,"At Woodoaks Farm, the stars return. Far from Londonâ€™s glare, telescopes are trained on Saturnâ€™s rings and galaxy light. Itâ€™s a one-night reverence for the cosmos â€” where skywatchers gather by lantern and thermos, and the night stretches vast, ancient, and alight with possibility.","Woodoaks Farm, Maple Cross, Hertfordshire (north-west Greater London)",https://www.colnevalleypark.org.uk/event/wonders-of-the-dark-sky-2025/,,Active
Woolwich Works,"Time Out's 'best new culture spot,' a multi-disciplinary hub on the Royal Arsenal championing contemporary music, theatre, and dance.",Woolwich,https://www.woolwich.works,,Active
FOLD,"A 600-capacity warehouse with a 6am licence and Funktion-One sound system, where the night stretches until dawn and techno pilgrims gather for marathon sets.",Canning Town,https://fold.london,,Active
Corsica Studios,"Twin railway arches beneath Elephant & Castle, a non-profit sanctuary where underground electronic music echoes off brick walls until the early hours.",Elephant & Castle,https://corsica-studios.com,,Active
Venue MOT Unit 18,"A grungy warehouse space in Barking where east London's underground gathers, sweat drips from industrial ceilings, and the music pounds until daybreak.",Barking,https://linktr.ee/venMOT,,Active
Servant Jazz Quarters,"A basement jazz club where smoke curls through low ceilings, intimate tables cluster around a tiny stage, and the music breathes past midnight.",Dalston,https://www.servantjazzquarters.com,,Active
The Old Blue Last,"A legendary Shoreditch pub where Vice Magazine once held court, now hosting gritty indie gigs and late-night DJ sets in sweat-soaked intimacy.",Shoreditch,https://theoldbluelast.com,,Active
The Victoria (JaguarShoes),"A Dalston institution where the backroom transforms into a sweaty dance cave, and eclectic DJ sets stretch from dusk until the trains start running.",Dalston,https://www.jaguarshoes.com,,Active
The George Tavern,"A Grade II-listed East End institution where Victorian ghosts mingle with live music until late, the spirit of old London pulsing through wooden beams and worn floors.",Stepney,https://www.thegeorgetavern.co.uk,,Active
TOLA Peckham,"An artist-led bar beneath railway arches where vinyl spins, natural wine flows, and the night unfolds in candlelit warmth until the small hours.",Peckham,https://www.tolapeckham.com,,Active
Grow Hackney,"A canal-side haven where sustainability meets nightlife, solar-powered sound systems hum until dawn, and dancers gather beneath the stars.",Hackney Wick,https://growhackney.com,,Active
Prince Charles Cinema,"Where cult classics and midnight marathons thrive, this independent cinema hosts all-night screenings for those who refuse to sleep when cinema beckons.",Leicester Square,https://princecharlescinema.com,,Active
TwickFolk at The Cabbage Patch,"A volunteer-run folk club thriving since 1983, where voices rise over acoustic guitars in a Twickenham pub, keeping the old songs alive.",Twickenham,https://www.twickfolk.co.uk,,Active
Park Royal Design District,"A creative quarter housing 250+ artist studios in converted industrial buildings, where open studios and exhibitions invite you into working creative minds.",Park Royal,https://www.parkroyaldesigndistrict.co.uk,,Active
Bollo Studios,"Artist studios and gallery space in Acton where ceramicists, painters, and makers open their doors to visitors, creativity spilling into the street.",Acton,https://www.bollobrook.com,,Active
Foster Books,"An 18th-century Chiswick bookshop where rare volumes and literary events gather, the scent of old paper mixing with new ideas.",Chiswick,https://www.fosterbooks.net,,Active
Lloyds of Kew,"A rare and antiquarian bookshop specializing in botanical and horticultural texts, where leather-bound gardens bloom on every shelf.",Kew,https://lloydskew.co.uk,,Active
The Open Book,"A Richmond bookshop and café where literary discussions unfold over coffee, author events draw local crowds, and books become conversation.",Richmond,https://www.theopenbookrichmond.co.uk,,Active
Pitshanger Bookshop,"An Ealing bookshop hosting readings, book clubs, and writing workshops, where words gather communities and stories find their people.",Ealing,https://www.pitshangerbooks.co.uk,,Active
The Sheen Bookshop,"A cosy East Sheen bookshop with storytelling sessions, author talks, and community warmth radiating from every carefully curated shelf.",East Sheen,https://www.thesheenbookshop.co.uk,,Active
All Good Bookshop,"A worker co-operative bookshop in Wood Green hosting open mics, zine fairs, and radical readings, where community ownership means genuine care.",Wood Green,https://www.allgoodbookshop.co.uk,,Active
OPEN Ealing,"A multi-arts venue in central Ealing presenting theatre, music, comedy, and film, where creativity meets accessibility in West London.",Ealing,https://www.openealing.com,,Active
Kiln Theatre,"Formerly Tricycle Theatre, now Kiln, where stories from around the world take centre stage in a Kilburn venue committed to diverse voices and bold narratives.",Kilburn,https://kilntheatre.com,,Active
Studio Crumb,"A monthly vinyl-only party in The Bunker where DJ Haseeb Iqbal treats the dancefloor like a theatre, guiding dancers through spiritual deep-cuts and sonic histories.",Deptford,https://www.dazeddigital.com/music/article/68108/1/dazed-guide-best-london-club-nights-in-2025-opia-fold-techno-latinx-reggaeton,,Active
Club Are,"A queer-founded multidisciplinary platform where sound, visual art, fashion, and community blur, each edition concept-driven and centring queer, trans, and non-binary voices.",East London,https://www.clubare.co,,Active
Club Stamina,"DJ Mina Galán's night championing femme and trans talent through reggaeton, baile funk, and perreo, an antidote to techno-heavy exclusionary scenes.",Various London,https://www.instagram.com/clubstamina,,Active
MAS ARTS,"A mobile sound system delivering pop-up raves to unexpected places, working with youth clubs and community organisations to bring music to the people.",Pop-up locations,https://www.instagram.com/masartslondon,,Active
2C Perrea,"Queer-friendly reggaeton founded by Latinx migrants craving community, a safe space to reconnect with music from home and push Latin club boundaries.",East/South London,https://www.instagram.com/2cperrea,,Active
Eastern Margins,"Record label and events collective celebrating alternative music from East and Southeast Asia, where bootleg aesthetics and DIY rave meet physical communion.",Pop-up venues,https://easternmargins.com,,Active
Tech Couture LDN,"Colourful techno party bringing self-expression and playful energy back to the dancefloor, platforming rising and established DJs with inclusive sweaty joy.",Canning Town,https://www.instagram.com/techcoutureLDN,,Active
Opia,"Club night-turned cultural movement where glamour, fashion photography, and performance blur with rave, celebrating chaotic beauty and chosen family.",East London,https://www.instagram.com/opia.London,,Active
Queer House Party,"DIY collective merging safer accessible spaces with high-energy club nights, bringing politics back to the dancefloor and building global queer community.",Hackney,https://www.instagram.com/queerhouseparty,,Active
Ceilidh Liberation Front,"The Nest Collective transforms traditional ceilidh into radical sweat-busting party, breathing vigour into folk dance while honouring its roots.",Grand Junction & various,https://thenestcollective.co.uk/projects/ceilidhs,,Active
Bootylicious,"Long-running LGBTQ+ club night serving Amapiano, Dancehall, Afrobeat, and RnB across multiple floors, a rave for queer people who love a good boogie.",Union & Scala,https://bootyldn.com,,Active
Slimelight,"World-renowned dark scene club with three floors: industrial/EBM techno, goth/post-punk, and indie dance/dark disco, open until 6am with mandatory creative dress.",Islington,https://www.slimelight.com,,Active
Dark Scene London,"Summer soiree bringing together the dark music community across three floors: futurepop, darkwave, industrial, dark techno, and EBM until 5am.","Omeara, London Bridge",https://omearalondon.com,,Active
Sanura Dance,"Queer-run dance school where FLINTA and LGBTQ+ people learn to lead and follow in salsa and bachata, breaking traditional norms with weekly classes and monthly socials.",Studio 68 & The Castle,https://www.sanuradance.com,,Active
DTMF! (Don't Touch My Fro!),"Underground collective playing afro-centric forward-facing grooves monthly, moving from house and acid to boogie and funk with healing soulful vibes.",MOT Unit,https://www.instagram.com/dtmflondon,,Active
Boudica,"Queer-led platform blending dark techno, acid, and trance with protest energy, turning bodily autonomy into defiant celebration with chosen-family atmosphere.",Canning Town,https://www.instagram.com/boudicaLDN,,Active
Playbody Warehouse,"Creative collective transforms warehouse into immersive celebration with installations, ambient sets, and live performances as ode to human connection.",Hackney Wick,https://www.instagram.com/playbody.LDN,,Active
Pink Singers,"London's longest-running LGBT+ choir gathers like a small storm of harmony, shoulders touching, scores rustling, hearts very much awake. The Pink Singers keep queer history humming in real time: protest songs, pop choruses, tender arrangements that can leave you blinking back tears in the interval. If you want to feel your voice woven into a bigger, brighter rope of sound, this is one for the brave petal with a choir-shaped ache.",Central London,https://www.pinksingers.co.uk/,,Active
London Sacred Harp,"Sacred Harp is congregational singing in four parts, arranged in a square rather than a stage: everyone facing inward, everyone both audience and choir. There are no auditions and no performances to polish for, just songs called from a shared book and hurled joyfully into the air, a light-winged leap into wonder. Expect raw, shaking chords, a lark's clear call at dusk, and the odd miracle of strangers breathing as one.",Hampstead,https://londonsacredharp.org/,,Active
Chickenshed Community Choir,"At Chickenshed, the choir feels like an extension of the theatre's beating heart: open doors, warm ushers, songs that make room for every kind of voice. Term-time sessions unfold in bright halls and church naves, notes that perch and stay even after people have gone home. If you're easing yourself back into singing after a long, quiet spell, this is a gentle place to test your wings.",Chickenshed Theatre and Christ the King,https://www.chickenshed.org.uk/workshops-and-classes,,Active
South East London Queer Choir,"In Nunhead, a queer choir gathers in borrowed rooms and spills out onto pavements for solidarity gigs, protests and a big winter street takeover. Books may be closed to new singers at times, but the sound still ripples through south-east London, borne aloft by quiet joy and a tailwind of mischief. For Larklings, this is one to follow, to stand beside, to hear what resistance sounds like when it's in four-part harmony.","Nunhead, South East London",https://www.genevievedawson.com/community,,Active
Heart Song Collective CIC,"Heart Song Collective gathers queer and allied voices in a circle, not a line, held in a trauma-informed way and sung without gendered parts. Songs for co-regulation, breath, and soft presence; a hush shaped like birdsong more than a traditional choir practice. If your nervous system is tired of pushing through and needs somewhere to tremble and settle among friends, this is a nest of stories and string lights.",South East London,https://www.naturalvoice.net/choir/heart-song-collective-cic/,,Active
F*Choir,"F*Choir is less hymn book, more spell book: a 60-plus strong, all-genders choir singing about gender, sexuality, freedom and rage. Rehearsals are sweaty, laughing, political; performance nights feel like a gig crossed with a ritual, a cry soft as wingbeat and sometimes as loud as a siren. Ideal for the petal who wants their harmonies with teeth, their choruses circling closer to something true.",London (roaming across arts and community spaces),https://fchoir.com/about/,,Active
Sing For Freedom Choir,"A choir born from stories of exile and arrival, Sing For Freedom brings refugees, migrants and local Londoners into one shared sound. Concession schemes and subsidised spots keep the door propped open; songs travel from folk to contemporary, threads of sound spun midair between languages. Come if you need reminding that borders are human inventions and harmony is not.",Central London,https://www.togetherproductions.co.uk/sff-public-page,,Active
London City Voices,"London City Voices is a big, bright sprawl of non-audition choirs meeting in hired halls after work, swapping laptops for lyric sheets. Expect upbeat pop, hands in the air, that flash of recognition when the person next to you also quietly knows every harmony. It's less hidden gem than friendly flock, but for some petals, this is exactly the soft landing they need.",Multiple locations across central London and online,https://www.londoncityvoices.co.uk/,,Active
Healing Choir,"In Kilburn, Healing Choir treats song as a kind of shared medicine: free to attend, open to all abilities, rooted in breath, movement and communal vocalisation. Sessions are more about how it feels in the body than how it sounds from the back row. If life has left you hoarse and you're looking for a room that will simply let you exhale and hum, this one waits with open arms.","Kilburn, North West London",https://www.paprika.org.uk/healing-choir,,Active
Outer Circle Voice Circle,"Outer Circle is an experimental vocal group for women and non-binary people, meeting monthly at SET Social Peckham to sing, breathe, shout and create together. It's explicitly not a choir: no auditions, no sheet music, just improvisation and a tailwind of surprise. Perfect if you want to explore what your voice can do beyond verses and choruses, gliding through alleys and arches of sound you didn't know you had.",Peckham,https://setspace.uk/event/outer-circle-voice-circle-women-and-non-binary-vocal-workshop/,,Active
Catford Community Choir,"In a bright room at Corbett Community Library, neighbours gather between stacks and storybooks to sing their way through the week. Babies and toddlers are welcome to crawl, clatter and join in, turning rehearsal into a small domestic carnival. It's sheltered beneath the beams and warm as a robin's hollow: if you're looking for somewhere low-pressure and local to stretch your lungs, this is a gentle starting perch.",Catford,https://thevillagelondon.co.uk/service/catford-community-choir/,,Active
Theatre in the Pound,"At The Cockpit, scratch is taken literally: theatre-makers rent the space for a pound a minute and fling 10–15 minute ideas into the dark, then listen as the room answers back. Theatre in the Pound is low-cost, not-for-profit and gloriously rough-feathered, a night where wild hunches and half-built scenes are carried on a breath of song. If you like the feeling of catching a show mid-moult, before it grows its final plumage, this is your roost, petal.",Marylebone (The Cockpit),https://www.thecockpit.org.uk/article/theatre_in_the_pound,,Active
Big Bang Scratch Night,"Big Bang is Camden People's Theatre's ongoing experiment in controlled theatrical explosions: short bursts of brand-new work sharing a single orbit for one night only. Expect queer cabaret fragments, political performance, strange monologues and oddball dance-theatre, all fluttering toward the unfamiliar. It's the place to see tiny universes of theatre right at ignition, trembling with finchlight before they streak off elsewhere.",Camden (Camden People's Theatre),https://cptheatre.co.uk/whatson/Big-Bang-Scratch-Night-30-March-2025,,Active
Scratch Renaissance,"At Chisenhale Dance Space, Scratch Renaissance is more than a one-off night: it's a year-long flock of evenings where emerging and marginalised artists test the edges of movement and performance. One month might hold queer dance rituals, the next a solo that drifts like a feather through evening, all shaped by an artist-led ethos and fair-pay agreements. Come if you like your work-in-progress sweaty, tender and willing to fall on its face in front of you, then rise with the thermals of curiosity.",Mile End (Chisenhale Dance Space),https://www.chisenhaledancespace.co.uk/scratch-renaissance/,,Active
Freshly Squeezed Scratch Night,"St Margaret's House in Bethnal Green hosts Freshly Squeezed, a night of six bite-sized scripts from up-and-coming writers in a cosy, community-space setting. It's all bare stages and bright words: you sit among neighbours as scenes hatch and wobble into life, notes that perch and stay even after the lights come up. If you like championing brave first drafts and being part of gentle, generous feedback, this is a soft-lit corner made for you, petal.",Bethnal Green (St Margaret's House),https://www.stmargaretshouse.org.uk/events/freshly-squeezed-scratch-night,,Active
Devise & Conquer – Scratch Night & Cabaret,"At The Divine, Devise & Conquer turns scratch into a late-night variety spell: drag, comedy, theatre and poetry sharing a low-lit stage with glitter ground into the floorboards. The bill shifts each time but the ethos stays steady—emerging artists testing new work while a friendly crowd hoots, hollers and holds the gaps. It's a nest of stories and string lights for petals who like their experiments sequinned, messy and gloriously alive.",Dalston,https://thedivine.co.uk/event/devise-conq-3-scratch/,,Active
Freelance Royalty Scratch Nights,"Stratford East's Freelance Royalty Scratch Nights happen not on a grand stage but in the theatre bar, where small performance spaces bloom between tables and glasses. Short works-in-progress share the evening with laughter, side chats and chance encounters with future collaborators. It's relaxed, low-stakes and welcoming—more murmuring roost than formal showcase—ideal for petals who want to test an idea without fanfare and meet others doing the same.",Stratford (Theatre Royal Stratford East Bar),https://www.stratfordeast.com/royalty-scheme/freelance-royalty/freelance-royalty-scratch-nights/,,Active
Belly Scratch,"Belly Scratch at Underbelly Boulevard is a cabaret-style scratch night offering four artists up to twenty minutes each to bare the bones of a new show. You might see first scenes of a future fringe hit, a strange solo that refuses to behave, or a script read-through that suddenly takes flight. The room is built for risk and laughter, a cry soft as wingbeat in a velvet-clad basement, perfect for a petal who wants to feel the city's next ideas rumbling under their feet.",Soho (Underbelly Boulevard),https://underbellyboulevard.com/belly-scratch/,,Active
GrimFest Scratch Night,"GrimFest's Scratch Night at the Old Red Lion is a lantern-lit gathering for lovers of horror and the deliciously uncanny. Extracts from new plays, snatches of cabaret, twisted storytelling and odd comedy line up like ravens on a wire, each testing how far the dark can stretch. If you like your work-in-progress tinged with blood-red light and nervous laughter, wing your way here and sit close to the aisle.",Islington (Old Red Lion Theatre),https://www.oldredliontheatre.co.uk/grimfest-scratch-night.html,,Active
Taking Centre Stage: A Scratch Cabaret,"In the River Room at Riverside Studios, Stoke the Embers' Taking Centre Stage brings together short scenes, spoken word and live music from emerging and established artists. It's eclectic and sociable: come for the new work, stay to meet the people who made it, drifting like a feather through evening from one conversation to the next. This is where collaborations are born over interval drinks, a light-winged leap into wonder right beside the Thames.",Hammersmith (Riverside Studios – River Room),https://riversidestudios.co.uk/see-and-do/taking-centre-stage-a-scratch-cabaret-117843/,,Active
Theatre Scratch Night,"The London Art Bar hosts a cosy theatre scratch night just off High Holborn, where brand-new pieces stand up in front of a supportive, wine-sipping crowd. Writers, directors and performers show work at its most vulnerable, then invite thoughts from the room; audience members become part of the creative process, not just observers. It's sheltered beneath the beams and warm as a robin's hollow, especially for petals curious about the making as much as the finished show.",Holborn (The London Art Bar),https://www.londonartbar.com/calendar/theatre-scratch-night-nov-2025,,Active
GT Scratch,"GT Scratch at Greenwich Theatre frames itself simply: new ideas, raw talent, live feedback. On any given night you might catch early scenes from a touring show, a strange little gem that only exists for one performance, or a devised piece still figuring out its own wingspan. For petals in south-east London, it's a welcoming perch to see what tomorrow's theatre-makers are hatching right now.",Greenwich (Greenwich Theatre),https://greenwichtheatre.org.uk/events/gt-scratch/,,Active
The London Library,"A private members' library that feels like it's been quietly breathing for centuries. Metal stacks, spiralling staircases and desk lamps casting soft halos over readers deep in their own chapters. Some evenings the building stays open late, and once a month the lights burn longer still – a hush-filled refuge for those who write best after dark, padding between shelves as the city outside winds down.",St James's,https://www.londonlibrary.co.uk,,Active
British Library (Late Reading Rooms),"The country's great red-brick ark of words keeps its doors and reading rooms open into the evening – most weekdays until 20:00 – so the after-work hours can stretch into a quiet second shift. Long desks, steady lamplight and the faint rustle of pages make it a gentle place to revise, research or simply read yourself back together, before the last soft call for closing time.",King's Cross,https://www.bl.uk/visit,,Active
Barbican Foyers & Library Corners,"By day, a concrete citadel; by night, a softly glowing warren of sofas, tables and power sockets open until around 23:00. You can tuck yourself into a corner with a laptop while orchestras warm up behind distant doors, or draft emails beneath hanging plants as filmgoers drift past. It's less shh-library, more nocturnal living room for the city's bookish night birds.","Barbican, City of London",https://www.barbican.org.uk,,Active
Morocco Bound Bookshop,"Tucked down a side street near London Bridge, this tiny ship of a bookshop sails from quiet daytime co-working into a low-lit bar and event space at night. Shelves of global fiction, local beers from the Bermondsey Beer Mile and regular jazz, poetry and salon-style nights make it a perfect nest for those who like their studying punctuated by readings, music and a late pint with fellow word-dwellers.","Bermondsey, SE1",https://www.moroccobound.co.uk,,Active
London Review Bookshop & St. JOHN at the Bookshop,"In Bloomsbury's literary heart, the London Review Bookshop and its St. JOHN café make a gentle evening bolthole: shelves dense with ideas, a hidden terrace, and wine or hot chocolate to keep you company until early evening closing. On events nights the shop reshapes itself into a miniature auditorium – a place to listen, take notes, and then slip back out into the dark with a new book under your arm and a head full of sentences.","Bloomsbury, WC1",https://www.londonreviewbookshop.co.uk,,Active
Bàrd Books,"Part bookshop, part café, part low-key salon, Bàrd keeps the lights on into the evening – often until 20:00, with book clubs and events that drift later. You can work at the back on free wifi among art books and local exhibitions, then stay as the day softens into wine, snacks and softly chattering readers. On some nights there's comedy, quizzes or even a bookshop rave: a study nest that happily forgets to be serious after dark.",Bow,https://www.wearebardbooks.co.uk,,Active
Second Home Spitalfields,"If you work best when everyone else is asleep, this greenhouse-like co-working space offers 24/7 access for members: curving desks wrapped in plants, long sight-lines of fellow night workers and quiet corners for deep focus. It's less a café and more a habitat – a place to bring big projects, late deadlines and the kind of slow-burning ideas that need the whole night to unfold, petal.","Spitalfields, E1",https://secondhome.io/coworking-space-london/east-london,,Active
VQ Bloomsbury (24-Hour Café & Diner),"Not indie in the strictest sense, but a stalwart for students and shift-workers in need of a table at 3am. Open 24 hours, this Bloomsbury café-diner serves breakfast and comfort food around the clock, with free wifi and a steady churn of fellow night people. It's more fluorescent than fairy-lit, but when the deadline looms and every other door is closed, VQ becomes a surprisingly tender kind of nest.","Bloomsbury, WC1",https://www.vqrestaurants.com,,Active
Polo Bar – 24 Hour Great British Café & Bar,"Across from Liverpool Street, Polo Bar has been pouring coffee and frying breakfasts through the small hours for decades. Open 24/7, it's not a quiet library – more a glowing window onto the city's insomniac life – but if you claim a booth, order tea and open your notebook, it becomes a strange, cinematic study spot: words flowing as taxis unload, club kids drift past, and the station clocks creep towards dawn.",Opposite Liverpool Street Station,https://www.polobar.co.uk,,Active
Costa at St Pancras – Station Study Watchpost,"Hardly a hidden indie gem, but legendary among students for one thing: after the last trains leave, the station falls almost silent, and the 24-hour coffee shop turns into a ghostly, fluorescent reading room. It's where essays get finished between departures and arrivals, where you can sit with your laptop, a refill and the feeling of being briefly nowhere – a temporary nest for those nights when you just can't go home yet.",King's Cross,https://stpancras-highspeed.com,,Active
Embracing Grief – London Grief Tending Circles,"Grief here is not a problem to fix but a weather to sit inside together. Embracing Grief host beautifully held circles and rituals in London, inviting you to lean into sorrow, rage, numbness and love with others who understand. Expect blankets, song, simple ritual and a steady facilitation team who know how to tend big feelings without rushing you, petal.",Hackney,https://www.griefsupport.org.uk,,Active
Old School Rooms @ Round Chapel – Communal Grief Rituals,"The Old School Rooms at the Round Chapel become a kind of indoor clearing for the heart: drums, song and a circle of chairs under high Hackney rafters. On communal grief ritual days, dozens gather to cry, wail, breathe and be witnessed, with plenty of time for gentle landing afterwards. If you're longing to feel less alone in your loss, this is a rare, brave nest for collective mourning.",Hackney,https://www.roundchapel.org,,Active
Bija Garden of Wellbeing – Grief Circles in the Garden,"Tucked behind a West Ealing terrace, Bija Garden is a tiny eco-studio of fairy lights, foliage and soft rugs on the floor. Alongside restorative yoga and women's circles, it occasionally hosts small grief circles and healing evenings—quiet, candlelit spaces where nine or so souls can rest their bones and speak what hurts. A good perch if you want grief held with herbal tea, gentle spirituality and a lot of cushions.",Ealing,https://bijagarden.com,,Active
Bonnington Centre Death Café,"In a scruffy, beloved community centre just off Vauxhall's main drag, the Bonnington Death Café gathers people around tables for cake, tea and talk of mortality. There's no agenda beyond honesty: you show up, you speak or listen, and death is allowed to be mentioned in the same breath as everyday life. Perfect if you want something low-key and kitchen-table real rather than formal therapy.",Vauxhall (SW8),https://deathcafe.com/c/bonningtoncentre/,,Active
Rosslyn Hill Unitarian Chapel – Hampstead Death Café,"Rosslyn Hill Chapel is all steep steps, stone and stained glass—a Unitarian church that doubles as a haven for difficult conversations. Their Hampstead Death Café meets in this contemplative setting, welcoming anyone who wants to talk about death, grief and meaning without dogma or drama. Come for the candlelit calm and leave with that curious lightness that arrives when the unsayable has finally been said aloud.",Hampstead (NW3),https://www.rosslynhillchapel.org.uk,,Active
Community Sauna Baths – Grief Sauna,"Community Sauna Baths turns old public baths in Hackney Wick and a Stratford garden plot into steamy, wood-fired sanctuaries. Among the usual sauna sessions are special 'grief saunas' and trans grief nights—ritual-inflected steams where you can sweat, plunge and breathe through heartache in company. Think fire, water, silence and a small flock of strangers softening together in the heat.",Hackney Wick,https://community-sauna.co.uk,,Active
Release: Boxing Through Grief – London Community Boxing,"At London Community Boxing in Peckham, The Loss Project's 'Release: Boxing Through Grief' swaps talking cures for heavy bags and footwork. Guided by a coach and grief practitioners, you get to punch, move and breathe your way through loss in a held, low-cost space. Ideal if your grief feels restless or angry and you need somewhere you won't be told to sit still and be sensible.",Peckham (SE15),https://www.instagram.com/thelossproject1/,,Active
Grief Rave & Grief Moves – The Fandangoe Discoteca x The Loss Project,"The Fandangoe Discoteca is a travelling pink mini-club that parks up at places like Southbank Centre and invites you to dance out your grief. Grief Raves and Grief Moves sessions mix DJ sets, joy-soaked visuals and mental health practitioners on hand, holding space for everything from bereavement to climate dread. It's loud, tender and gloriously strange—a tiny disco nest where tears and euphoria share the same dancefloor.","Touring (often Southbank Centre, SE1)",https://www.thelossproject.com/thefandangoediscoteca,,Active
"Galleria Objets – ""Your Grief Belongs To You, And Can Be So So Pretty""","Galleria Objets is a small contemporary gallery in east London with a taste for work that sits in the liminal and the quietly intense. Recent shows like 'Your Grief Belongs To You, And Can Be So So Pretty' have treated loss as something to be looked at sideways: tender, aesthetic, a little unsettling, never mocked. If you'd like to wander with your feelings rather than unpack them in a circle, this is a soft-lit room to do it in.",East London,https://objetstrouves.co.uk,,Active
